{
  "project_info": {
    "project_number": "77035019849",
    "project_id": "fir-practicalapplication-22b95",
    "storage_bucket": "fir-practicalapplication-22b95.appspot.com"
  },
  "client": [
    {
      "client_info": {
        "mobilesdk_app_id": "1:77035019849:android:5a257513f7f1d8528b2998",
        "android_client_info": {
          "package_name": "com.example.firebasepracticalapplication"
        }
      },
      "oauth_client": [
        {
          "client_id": "77035019849-aceg0o8af48udqqb6jl5hvo8gmmev0h0.apps.googleusercontent.com",
          "client_type": 1,
          "android_info": {
            "package_name": "com.example.firebasepracticalapplication",
            "certificate_hash": "a028e65a88448369a06a525c504e920877101e3c"
          }
        },
        {
          "client_id": "77035019849-dqopat5qfbp3b64rjddake2tn4qrf423.apps.googleusercontent.com",
          "client_type": 3
        }
      ],
      "api_key": [
        {
          "current_key": "AIzaSyCj2GoX-DyjdL-zDeJ_8hBNH5ak9BrfJlE"
        }
      ],
      "services": {
        "appinvite_service": {
          "other_platform_oauth_client": [
            {
              "client_id": "77035019849-dqopat5qfbp3b64rjddake2tn4qrf423.apps.googleusercontent.com",
              "client_type": 3
            }
          ]
        }
      }
    }
  ],
  "configuration_version": "1"
}